ProductID,OrderID,CustomerID,Address,Quantity,OrderDate,ProductPrice,Country
759,19367,1717,Adıyaman,4,2023-01-01,694.72,Türkiye
650,11706,1359,Artvin,5,2023-01-02,836.41,Türkiye
814,15234,1741,Manisa,6,2023-01-03,29.69,Türkiye
338,15257,1086,Trabzon,9,2023-01-04,366.52,Türkiye
508,12649,1864,Ordu,5,2023-01-05,904.76,Türkiye
141,16258,1416,Ankara,1,2023-01-06,793.66,Türkiye
709,11981,1812,Çankırı,9,2023-01-07,583.17,Türkiye
872,12282,1294,Kocaeli,6,2023-01-08,756.72,Türkiye
320,18175,1392,Antalya,3,2023-01-09,444.74,Türkiye
277,19395,1072,Bitlis,2,2023-01-10,232.36,Türkiye
800,15822,1800,Kütahya,5,2023-01-11,333.51,Türkiye
467,14407,1436,Kilis,4,2023-01-12,988.9,Türkiye
343,10155,1779,Van,5,2023-01-13,38.43,Türkiye
752,13066,1268,Hatay,7,2023-01-14,245.33,Türkiye
818,16254,1669,Denizli,1,2023-01-15,761.93,Türkiye
650,14651,1222,Afyonkarahisar,6,2023-01-16,534.51,Türkiye
844,10220,1155,Mersin,1,2023-01-17,593.53,Türkiye
14,18911,1178,Yozgat,3,2023-01-18,932.65,Türkiye
809,18824,1655,Sivas,2,2023-01-19,735.41,Türkiye
265,10264,1293,Samsun,9,2023-01-20,650.12,Türkiye
794,15887,1657,Muş,1,2023-01-21,137.42,Türkiye
664,15158,1570,Elazığ,7,2023-01-22,997.69,Türkiye
469,18328,1639,Manisa,8,2023-01-23,470.29,Türkiye
290,15454,1104,Muş,1,2023-01-24,937.38,Türkiye
926,13643,1127,Kırklareli,2,2023-01-25,756.92,Türkiye
253,11615,1297,Muş,3,2023-01-26,233.94,Türkiye
254,17976,1467,Kilis,4,2023-01-27,452.98,Türkiye
481,14353,1574,Şanlıurfa,7,2023-01-28,920.59,Türkiye
766,11998,1895,Hatay,9,2023-01-29,860.1,Türkiye
760,12553,1976,Van,5,2023-01-30,736.18,Türkiye
241,13471,1149,Kocaeli,8,2023-01-31,156.0,Türkiye
667,19655,1619,Kayseri,5,2023-02-01,280.67,Türkiye
454,10597,1719,Muğla,1,2023-02-02,191.36,Türkiye
365,12104,1920,Ardahan,8,2023-02-03,286.9,Türkiye
127,18614,1883,Mardin,6,2023-02-04,854.7,Türkiye
111,11048,1952,Siirt,5,2023-02-05,46.06,Türkiye
33,16197,1830,Siirt,1,2023-02-06,54.5,Türkiye
490,16365,1987,Tunceli,1,2023-02-07,17.12,Türkiye
633,13584,1862,Tekirdağ,8,2023-02-08,41.16,Türkiye
312,13774,1435,Ağrı,3,2023-02-09,516.34,Türkiye
139,11643,1096,Ankara,5,2023-02-10,826.6,Türkiye
918,18175,1662,Karaman,7,2023-02-11,744.5,Türkiye
590,10863,1033,Malatya,4,2023-02-12,348.55,Türkiye
210,12780,1264,Afyonkarahisar,4,2023-02-13,466.72,Türkiye
707,16058,1700,Eskişehir,2,2023-02-14,152.23,Türkiye
617,15780,1605,Gümüşhane,8,2023-02-15,30.67,Türkiye
294,17802,1421,Muş,4,2023-02-16,356.94,Türkiye
221,12291,1347,Tunceli,9,2023-02-17,887.1,Türkiye
735,16493,1233,Tekirdağ,6,2023-02-18,160.91,Türkiye
898,10036,1902,Kırşehir,3,2023-02-19,304.75,Türkiye
923,18014,1425,Niğde,3,2023-02-20,194.84,Türkiye
619,12133,1718,Amasya,4,2023-02-21,625.7,Türkiye
115,15491,1610,Muğla,6,2023-02-22,527.26,Türkiye
395,19613,1846,Ağrı,3,2023-02-23,663.18,Türkiye
56,14185,1647,Bartın,6,2023-02-24,827.08,Türkiye
66,17142,1479,Kahramanmaraş,5,2023-02-25,130.82,Türkiye
187,15877,1086,Kilis,5,2023-02-26,116.46,Türkiye
951,10941,1332,Samsun,3,2023-02-27,541.42,Türkiye
639,13291,1405,Aksaray,7,2023-02-28,575.07,Türkiye
237,18452,1444,İstanbul,9,2023-03-01,122.29,Türkiye
659,13090,1504,Şırnak,3,2023-03-02,735.12,Türkiye
912,10187,1594,Gümüşhane,2,2023-03-03,397.87,Türkiye
352,19269,1855,Afyonkarahisar,5,2023-03-04,999.19,Türkiye
476,17655,1193,Kırklareli,3,2023-03-05,898.19,Türkiye
847,15909,1068,Afyonkarahisar,9,2023-03-06,492.54,Türkiye
374,15098,1169,Rize,3,2023-03-07,469.56,Türkiye
295,19861,1998,Bitlis,4,2023-03-08,246.81,Türkiye
68,10643,1092,Antalya,3,2023-03-09,72.0,Türkiye
243,18688,1915,Karabük,2,2023-03-10,858.29,Türkiye
911,15398,1275,Hakkari,8,2023-03-11,66.27,Türkiye
368,12461,1090,Karaman,9,2023-03-12,554.29,Türkiye
593,16896,1700,Muş,6,2023-03-13,53.86,Türkiye
967,16080,1420,Erzincan,4,2023-03-14,497.59,Türkiye
332,15823,1827,Ağrı,2,2023-03-15,473.46,Türkiye
50,18216,1760,Bartın,2,2023-03-16,656.74,Türkiye
317,17288,1614,Ağrı,4,2023-03-17,264.93,Türkiye
678,19423,1318,Yalova,1,2023-03-18,466.2,Türkiye
802,17187,1602,Diyarbakır,9,2023-03-19,429.78,Türkiye
894,16437,1230,Yalova,1,2023-03-20,939.88,Türkiye
459,10208,1350,Ardahan,2,2023-03-21,899.83,Türkiye
65,17158,1515,Balıkesir,7,2023-03-22,810.01,Türkiye
407,12700,1915,Şırnak,4,2023-03-23,727.35,Türkiye
183,17745,1819,Adıyaman,2,2023-03-24,206.72,Türkiye
801,16505,1449,Aydın,3,2023-03-25,483.2,Türkiye
601,16345,1972,Afyonkarahisar,9,2023-03-26,833.84,Türkiye
688,10433,1981,Konya,4,2023-03-27,583.71,Türkiye
466,14593,1111,Karaman,5,2023-03-28,931.12,Türkiye
532,19647,1295,Yozgat,8,2023-03-29,944.97,Türkiye
191,15187,1547,Yozgat,8,2023-03-30,559.16,Türkiye
965,17230,1179,Çorum,5,2023-03-31,559.25,Türkiye
227,12163,1618,Ordu,9,2023-04-01,43.84,Türkiye
451,10959,1569,Muğla,9,2023-04-02,718.45,Türkiye
402,11709,1501,Sivas,1,2023-04-03,51.79,Türkiye
55,11297,1981,Adana,4,2023-04-04,473.58,Türkiye
50,18997,1671,Bayburt,4,2023-04-05,612.02,Türkiye
10,10366,1423,Bolu,2,2023-04-06,209.52,Türkiye
80,10668,1506,Erzincan,1,2023-04-07,972.46,Türkiye
852,16617,1369,Burdur,4,2023-04-08,487.28,Türkiye
674,13931,1065,Çankırı,9,2023-04-09,193.99,Türkiye
383,10515,1525,Karaman,1,2023-04-10,903.02,Türkiye
299,11441,1898,Bayburt,1,2023-04-11,274.35,Türkiye
536,16322,1228,Elazığ,3,2023-04-12,389.71,Türkiye
547,19103,1043,Iğdır,1,2023-04-13,181.33,Türkiye
668,14500,1739,Düzce,6,2023-04-14,537.91,Türkiye
991,19357,1930,Bilecik,6,2023-04-15,743.47,Türkiye
789,14460,1588,Kocaeli,5,2023-04-16,17.61,Türkiye
568,15705,1686,Muş,7,2023-04-17,436.44,Türkiye
400,11809,1797,Diyarbakır,4,2023-04-18,898.51,Türkiye
306,10901,1004,Manisa,1,2023-04-19,887.38,Türkiye
92,19809,1971,Burdur,5,2023-04-20,101.39,Türkiye
82,10425,1046,Burdur,3,2023-04-21,259.0,Türkiye
809,18539,1136,Batman,8,2023-04-22,696.44,Türkiye
467,19071,1009,Hakkari,4,2023-04-23,674.72,Türkiye
306,16382,1170,Burdur,4,2023-04-24,730.55,Türkiye
283,17671,1376,Kütahya,9,2023-04-25,266.79,Türkiye
625,16815,1307,Giresun,3,2023-04-26,596.76,Türkiye
889,17555,1968,Muğla,2,2023-04-27,714.0,Türkiye
416,10568,1468,Kayseri,3,2023-04-28,528.35,Türkiye
515,10415,1594,Gaziantep,2,2023-04-29,274.57,Türkiye
869,15837,1276,Malatya,2,2023-04-30,50.85,Türkiye
983,10257,1514,Eskişehir,5,2023-05-01,440.69,Türkiye
597,15904,1373,Kahramanmaraş,9,2023-05-02,137.62,Türkiye
855,15420,1110,Kocaeli,1,2023-05-03,562.19,Türkiye
315,17282,1574,Kars,1,2023-05-04,613.43,Türkiye
683,11148,1622,Yozgat,9,2023-05-05,676.93,Türkiye
53,19826,1117,Erzincan,9,2023-05-06,680.82,Türkiye
270,13330,1939,Kayseri,7,2023-05-07,890.04,Türkiye
509,11113,1524,Bursa,6,2023-05-08,481.67,Türkiye
911,18227,1087,Malatya,4,2023-05-09,573.33,Türkiye
188,19915,1432,Çorum,4,2023-05-10,507.99,Türkiye
568,17954,1832,Balıkesir,5,2023-05-11,881.22,Türkiye
369,17876,1520,Nevşehir,3,2023-05-12,438.12,Türkiye
377,11784,1897,Karaman,4,2023-05-13,81.73,Türkiye
927,15008,1677,Hatay,1,2023-05-14,715.35,Türkiye
771,17635,1387,Sivas,4,2023-05-15,34.64,Türkiye
514,13744,1013,Niğde,3,2023-05-16,922.17,Türkiye
317,16356,1131,Giresun,3,2023-05-17,989.52,Türkiye
894,17024,1404,Erzurum,8,2023-05-18,53.35,Türkiye
61,19544,1275,Aksaray,3,2023-05-19,667.65,Türkiye
112,12719,1497,Trabzon,4,2023-05-20,207.76,Türkiye
372,15344,1823,Konya,4,2023-05-21,171.52,Türkiye
423,15427,1856,Çorum,7,2023-05-22,147.81,Türkiye
485,10622,1478,Gümüşhane,6,2023-05-23,54.45,Türkiye
323,13263,1766,Rize,8,2023-05-24,813.15,Türkiye
336,17899,1017,Kocaeli,7,2023-05-25,662.14,Türkiye
873,19251,1328,Zonguldak,6,2023-05-26,524.62,Türkiye
668,19302,1823,İzmir,9,2023-05-27,189.74,Türkiye
925,13759,1820,Sakarya,4,2023-05-28,433.15,Türkiye
266,12397,1299,Bitlis,8,2023-05-29,531.17,Türkiye
416,13018,1279,Konya,6,2023-05-30,954.47,Türkiye
770,10136,1940,Trabzon,4,2023-05-31,867.85,Türkiye
694,14399,1059,Kocaeli,5,2023-06-01,735.97,Türkiye
267,10044,1158,Artvin,7,2023-06-02,515.77,Türkiye
482,14678,1414,Osmaniye,1,2023-06-03,431.57,Türkiye
836,14714,1997,Gümüşhane,3,2023-06-04,196.48,Türkiye
368,10974,1682,Bitlis,5,2023-06-05,79.71,Türkiye
201,10536,1779,Batman,2,2023-06-06,718.63,Türkiye
827,17229,1596,Tunceli,5,2023-06-07,142.72,Türkiye
6,12577,1531,Yozgat,1,2023-06-08,945.54,Türkiye
719,10371,1514,Karaman,6,2023-06-09,633.88,Türkiye
767,11521,1847,Gümüşhane,2,2023-06-10,644.22,Türkiye
31,17748,1549,Çanakkale,7,2023-06-11,109.17,Türkiye
736,14606,1685,Aydın,5,2023-06-12,302.12,Türkiye
927,11664,1238,Burdur,5,2023-06-13,151.04,Türkiye
366,13030,1355,Denizli,8,2023-06-14,514.42,Türkiye
587,17032,1096,Nevşehir,1,2023-06-15,100.1,Türkiye
738,10773,1864,Osmaniye,3,2023-06-16,932.8,Türkiye
230,10939,1350,Uşak,5,2023-06-17,419.03,Türkiye
802,15716,1518,Hatay,3,2023-06-18,831.5,Türkiye
326,19052,1479,Sakarya,8,2023-06-19,116.09,Türkiye
684,14356,1952,Tokat,7,2023-06-20,348.49,Türkiye
274,19867,1762,Şanlıurfa,9,2023-06-21,869.34,Türkiye
233,19796,1632,Amasya,5,2023-06-22,469.63,Türkiye
651,13452,1174,Düzce,2,2023-06-23,160.23,Türkiye
207,19029,1854,Ordu,7,2023-06-24,735.65,Türkiye
824,17198,1588,Konya,7,2023-06-25,134.89,Türkiye
352,13114,1774,Tekirdağ,6,2023-06-26,563.01,Türkiye
412,18367,1187,Bitlis,3,2023-06-27,683.32,Türkiye
83,14907,1770,Ankara,2,2023-06-28,680.71,Türkiye
833,18373,1084,Diyarbakır,8,2023-06-29,686.73,Türkiye
246,18542,1627,Zonguldak,5,2023-06-30,204.29,Türkiye
299,10992,1553,Manisa,6,2023-07-01,624.36,Türkiye
298,12955,1445,Afyonkarahisar,3,2023-07-02,117.48,Türkiye
739,12718,1142,Adana,5,2023-07-03,480.93,Türkiye
668,13945,1325,Iğdır,8,2023-07-04,302.84,Türkiye
234,10164,1920,Muş,9,2023-07-05,617.32,Türkiye
98,17492,1883,Antalya,7,2023-07-06,456.61,Türkiye
72,18464,1296,Mardin,2,2023-07-07,304.48,Türkiye
254,17339,1832,Tunceli,9,2023-07-08,904.28,Türkiye
883,14068,1973,Kayseri,2,2023-07-09,349.78,Türkiye
1000,13216,1826,Eskişehir,8,2023-07-10,905.34,Türkiye
319,14367,1450,Gaziantep,1,2023-07-11,845.81,Türkiye
88,17945,1458,Kütahya,1,2023-07-12,291.85,Türkiye
20,17162,1530,Karaman,2,2023-07-13,124.62,Türkiye
450,11734,1155,Elazığ,8,2023-07-14,764.04,Türkiye
257,14917,1621,Aksaray,5,2023-07-15,833.81,Türkiye
641,15259,1931,Hakkari,2,2023-07-16,372.36,Türkiye
257,16982,1276,Elazığ,2,2023-07-17,264.09,Türkiye
867,13494,1234,Sinop,4,2023-07-18,578.1,Türkiye
403,15065,1654,Çanakkale,1,2023-07-19,785.72,Türkiye
623,14169,1154,Giresun,4,2023-07-20,765.25,Türkiye
293,19334,1531,Kars,3,2023-07-21,509.12,Türkiye
409,17360,1344,Düzce,8,2023-07-22,92.82,Türkiye
935,17093,1169,Siirt,1,2023-07-23,22.62,Türkiye
610,15489,1043,Amasya,1,2023-07-24,183.89,Türkiye
607,11237,1005,Manisa,8,2023-07-25,347.82,Türkiye
593,19931,1411,Denizli,6,2023-07-26,570.8,Türkiye
620,13311,1796,Mersin,1,2023-07-27,304.47,Türkiye
902,16227,1234,Van,6,2023-07-28,260.13,Türkiye
933,13202,1903,Karaman,3,2023-07-29,576.28,Türkiye
222,13106,1241,Bilecik,7,2023-07-30,745.23,Türkiye
267,11940,1941,Düzce,6,2023-07-31,540.99,Türkiye
929,13367,1486,Karabük,9,2023-08-01,342.28,Türkiye
634,12837,1404,Kocaeli,3,2023-08-02,106.31,Türkiye
71,12336,1872,Çanakkale,4,2023-08-03,956.41,Türkiye
585,17336,1753,Iğdır,4,2023-08-04,556.18,Türkiye
129,10173,1263,Kırıkkale,3,2023-08-05,253.15,Türkiye
735,11222,1095,Rize,1,2023-08-06,873.25,Türkiye
193,15830,1965,Denizli,7,2023-08-07,895.34,Türkiye
239,11055,1871,Karaman,8,2023-08-08,465.66,Türkiye
88,13292,1907,Trabzon,9,2023-08-09,573.58,Türkiye
305,19262,1408,Denizli,2,2023-08-10,355.06,Türkiye
114,12772,1105,Denizli,2,2023-08-11,722.41,Türkiye
424,11173,1100,Kars,1,2023-08-12,243.75,Türkiye
767,14601,1242,Giresun,8,2023-08-13,680.24,Türkiye
214,19235,1564,Bilecik,1,2023-08-14,442.64,Türkiye
241,12339,1156,Burdur,1,2023-08-15,795.5,Türkiye
755,19597,1121,Artvin,8,2023-08-16,183.94,Türkiye
97,14809,1014,Amasya,4,2023-08-17,661.06,Türkiye
56,17926,1118,Burdur,7,2023-08-18,518.65,Türkiye
608,17996,1941,Yalova,9,2023-08-19,860.03,Türkiye
7,14031,1940,Ankara,8,2023-08-20,922.22,Türkiye
661,12127,1163,Malatya,7,2023-08-21,568.45,Türkiye
262,17497,1415,Balıkesir,9,2023-08-22,725.77,Türkiye
325,18196,1309,İzmir,3,2023-08-23,853.07,Türkiye
873,17570,1262,Karaman,2,2023-08-24,564.87,Türkiye
263,11784,1870,Osmaniye,7,2023-08-25,777.09,Türkiye
697,14983,1360,Burdur,1,2023-08-26,225.63,Türkiye
191,13282,1804,Muğla,7,2023-08-27,620.2,Türkiye
303,15691,1718,Tunceli,2,2023-08-28,911.17,Türkiye
466,18310,1219,Kilis,4,2023-08-29,976.98,Türkiye
762,11826,1321,Denizli,2,2023-08-30,773.7,Türkiye
825,10547,1714,Karabük,4,2023-08-31,368.77,Türkiye
955,13984,1573,Edirne,5,2023-09-01,167.31,Türkiye
987,12519,1679,Sinop,9,2023-09-02,132.51,Türkiye
330,14883,1668,Ardahan,3,2023-09-03,427.98,Türkiye
707,12790,1613,Çankırı,2,2023-09-04,251.57,Türkiye
70,11783,1109,Karabük,8,2023-09-05,276.35,Türkiye
187,17364,1834,Yalova,3,2023-09-06,229.73,Türkiye
580,19585,1390,Hakkari,7,2023-09-07,395.59,Türkiye
689,19899,1328,Düzce,3,2023-09-08,247.58,Türkiye
889,11049,1206,Yozgat,2,2023-09-09,253.15,Türkiye
691,14408,1940,Niğde,2,2023-09-10,134.53,Türkiye
543,12225,1966,Muş,1,2023-09-11,378.78,Türkiye
429,10517,1566,Sinop,1,2023-09-12,496.3,Türkiye
633,16088,1997,Osmaniye,5,2023-09-13,773.21,Türkiye
989,11289,1558,Balıkesir,3,2023-09-14,768.92,Türkiye
648,13693,1171,Elazığ,5,2023-09-15,526.57,Türkiye
43,14411,1207,İstanbul,3,2023-09-16,767.2,Türkiye
354,18581,1890,Nevşehir,3,2023-09-17,328.35,Türkiye
351,14980,1297,Balıkesir,2,2023-09-18,949.62,Türkiye
974,19365,1491,Ağrı,8,2023-09-19,295.31,Türkiye
367,10504,1755,Kütahya,4,2023-09-20,893.76,Türkiye
583,10258,1132,Çanakkale,8,2023-09-21,939.67,Türkiye
2,19447,1299,Bingöl,3,2023-09-22,928.63,Türkiye
889,11363,1735,Muğla,1,2023-09-23,438.98,Türkiye
4,17203,1430,Çorum,1,2023-09-24,210.31,Türkiye
314,16474,1937,Denizli,2,2023-09-25,958.22,Türkiye
850,19581,1220,Kırklareli,9,2023-09-26,786.7,Türkiye
906,16352,1667,Ağrı,8,2023-09-27,408.78,Türkiye
575,13579,1315,Adana,9,2023-09-28,593.44,Türkiye
200,19826,1812,Çankırı,6,2023-09-29,433.81,Türkiye
870,13222,1757,Nevşehir,3,2023-09-30,870.17,Türkiye
769,12875,1238,Manisa,1,2023-10-01,979.64,Türkiye
302,15672,1793,Bursa,1,2023-10-02,385.71,Türkiye
505,11344,1455,Kırşehir,2,2023-10-03,955.09,Türkiye
298,17324,1797,Sinop,3,2023-10-04,448.44,Türkiye
94,15640,1468,Hatay,5,2023-10-05,99.5,Türkiye
746,11797,1805,Ağrı,9,2023-10-06,357.9,Türkiye
912,14347,1702,Siirt,2,2023-10-07,867.28,Türkiye
807,10803,1463,Mardin,7,2023-10-08,778.64,Türkiye
987,16629,1746,Zonguldak,1,2023-10-09,965.58,Türkiye
451,18558,1408,Kocaeli,8,2023-10-10,311.17,Türkiye
676,16169,1117,İzmir,8,2023-10-11,56.72,Türkiye
9,18354,1511,Tekirdağ,4,2023-10-12,274.68,Türkiye
976,19401,1432,Konya,4,2023-10-13,200.88,Türkiye
808,17633,1953,Edirne,2,2023-10-14,847.27,Türkiye
637,12568,1256,Kırklareli,5,2023-10-15,715.24,Türkiye
531,12676,1550,Bilecik,1,2023-10-16,103.78,Türkiye
460,19357,1451,Yozgat,4,2023-10-17,209.91,Türkiye
445,17676,1060,Niğde,1,2023-10-18,221.36,Türkiye
762,12077,1205,Tekirdağ,7,2023-10-19,306.95,Türkiye
813,12994,1412,Diyarbakır,3,2023-10-20,282.08,Türkiye
845,10292,1726,Zonguldak,5,2023-10-21,994.21,Türkiye
926,15455,1549,Batman,7,2023-10-22,892.5,Türkiye
148,13222,1219,Eskişehir,9,2023-10-23,857.49,Türkiye
186,12774,1669,Kastamonu,4,2023-10-24,926.26,Türkiye
379,11748,1673,Tunceli,7,2023-10-25,758.16,Türkiye
414,11756,1794,Kars,1,2023-10-26,824.7,Türkiye
740,10554,1944,İstanbul,5,2023-10-27,92.32,Türkiye
827,17089,1213,Aydın,4,2023-10-28,452.47,Türkiye
305,12391,1509,Niğde,9,2023-10-29,937.13,Türkiye
456,12013,1947,Osmaniye,4,2023-10-30,406.36,Türkiye
369,13119,1723,Yozgat,7,2023-10-31,763.51,Türkiye
317,19377,1317,Tokat,9,2023-11-01,142.92,Türkiye
254,15955,1810,Kırşehir,3,2023-11-02,134.91,Türkiye
922,11383,1476,Bayburt,3,2023-11-03,568.21,Türkiye
222,15817,1251,Bayburt,8,2023-11-04,10.9,Türkiye
168,14401,1985,Isparta,5,2023-11-05,253.89,Türkiye
62,16861,1833,Siirt,8,2023-11-06,391.35,Türkiye
777,19777,1585,Manisa,1,2023-11-07,307.91,Türkiye
961,18171,1258,Samsun,4,2023-11-08,512.16,Türkiye
116,10825,1177,Mardin,7,2023-11-09,387.48,Türkiye
320,17140,1808,Bartın,5,2023-11-10,877.82,Türkiye
675,13251,1342,Iğdır,8,2023-11-11,970.85,Türkiye
912,13631,1775,Iğdır,5,2023-11-12,463.86,Türkiye
374,10048,1666,Sivas,5,2023-11-13,671.06,Türkiye
2,16756,1397,Muş,7,2023-11-14,988.44,Türkiye
39,11752,1537,Siirt,2,2023-11-15,417.52,Türkiye
557,13664,1373,Çanakkale,8,2023-11-16,87.3,Türkiye
112,19066,1720,Yalova,8,2023-11-17,525.7,Türkiye
234,16784,1044,Konya,3,2023-11-18,292.28,Türkiye
367,10472,1537,Karaman,2,2023-11-19,733.32,Türkiye
10,17900,1444,Zonguldak,4,2023-11-20,439.75,Türkiye
316,18000,1495,Muğla,5,2023-11-21,708.8,Türkiye
22,19088,1321,Kayseri,4,2023-11-22,102.79,Türkiye
951,17773,1316,Çankırı,7,2023-11-23,718.5,Türkiye
366,13492,1157,Bayburt,3,2023-11-24,900.38,Türkiye
598,13489,1797,Düzce,5,2023-11-25,362.78,Türkiye
780,19457,1224,Uşak,6,2023-11-26,663.84,Türkiye
674,19028,1489,Trabzon,9,2023-11-27,800.41,Türkiye
788,12436,1858,Giresun,5,2023-11-28,464.68,Türkiye
838,18484,1313,Bartın,6,2023-11-29,689.83,Türkiye
212,14039,1279,Nevşehir,8,2023-11-30,427.43,Türkiye
933,11884,1544,Siirt,4,2023-12-01,854.53,Türkiye
601,16882,1339,Mardin,6,2023-12-02,615.85,Türkiye
775,12068,1515,Ordu,7,2023-12-03,88.34,Türkiye
339,16403,1549,Kahramanmaraş,4,2023-12-04,969.62,Türkiye
405,11028,1445,Artvin,5,2023-12-05,77.81,Türkiye
955,10586,1636,Gaziantep,9,2023-12-06,118.04,Türkiye
916,14819,1087,Kırklareli,2,2023-12-07,708.47,Türkiye
353,10389,1043,Karaman,1,2023-12-08,760.24,Türkiye
406,19618,1272,Adıyaman,7,2023-12-09,427.54,Türkiye
283,11923,1245,Adana,1,2023-12-10,84.37,Türkiye
892,19201,1028,Karabük,2,2023-12-11,790.71,Türkiye
820,19395,1503,Afyonkarahisar,2,2023-12-12,223.15,Türkiye
56,12767,1913,Batman,3,2023-12-13,897.44,Türkiye
552,16556,1363,Ardahan,4,2023-12-14,866.18,Türkiye
716,11387,1752,Ağrı,9,2023-12-15,551.44,Türkiye
738,14485,1863,Diyarbakır,5,2023-12-16,976.19,Türkiye
914,17085,1553,Kahramanmaraş,3,2023-12-17,887.03,Türkiye
785,14401,1040,Rize,8,2023-12-18,367.63,Türkiye
290,11256,1040,Ordu,7,2023-12-19,476.86,Türkiye
427,17771,1620,Mersin,8,2023-12-20,230.17,Türkiye
143,14852,1982,Bolu,1,2023-12-21,990.92,Türkiye
793,15577,1253,Adıyaman,9,2023-12-22,914.03,Türkiye
380,19462,1095,Ordu,6,2023-12-23,943.61,Türkiye
467,13323,1356,Eskişehir,1,2023-12-24,321.71,Türkiye
119,11656,1385,Hatay,9,2023-12-25,558.59,Türkiye
21,13802,1349,Yalova,1,2023-12-26,593.08,Türkiye
657,18721,1637,Bursa,8,2023-12-27,989.63,Türkiye
429,15298,1666,Mardin,1,2023-12-28,576.38,Türkiye
844,10133,1694,Kilis,2,2023-12-29,982.64,Türkiye
361,13972,1275,Ardahan,8,2023-12-30,618.48,Türkiye
961,11293,1855,Karabük,7,2023-12-31,206.54,Türkiye
792,17106,1068,Kırşehir,8,2024-01-01,234.86,Türkiye
126,16292,1038,Bursa,2,2024-01-02,878.4,Türkiye
201,16706,1845,Adıyaman,5,2024-01-03,257.62,Türkiye
625,12117,1225,Çorum,3,2024-01-04,876.57,Türkiye
513,16789,1037,Tekirdağ,2,2024-01-05,594.64,Türkiye
20,11512,1470,Zonguldak,2,2024-01-06,491.91,Türkiye
476,12761,1894,Gümüşhane,2,2024-01-07,194.21,Türkiye
109,13561,1757,Manisa,8,2024-01-08,521.52,Türkiye
83,12589,1977,Tokat,4,2024-01-09,332.51,Türkiye
411,16526,1914,Antalya,8,2024-01-10,328.62,Türkiye
604,10739,1292,Bayburt,3,2024-01-11,905.84,Türkiye
569,19698,1494,Edirne,6,2024-01-12,913.96,Türkiye
438,16519,1142,Bartın,5,2024-01-13,419.7,Türkiye
929,18874,1114,Kırıkkale,7,2024-01-14,907.32,Türkiye
937,18907,1163,Eskişehir,3,2024-01-15,450.69,Türkiye
36,10206,1959,Mersin,7,2024-01-16,227.54,Türkiye
170,15556,1919,Afyonkarahisar,7,2024-01-17,194.68,Türkiye
757,17873,1171,Düzce,9,2024-01-18,233.14,Türkiye
925,17576,1044,Sivas,1,2024-01-19,796.69,Türkiye
546,13269,1643,Edirne,7,2024-01-20,732.15,Türkiye
158,18930,1142,Kahramanmaraş,9,2024-01-21,272.49,Türkiye
840,19681,1760,Düzce,4,2024-01-22,793.07,Türkiye
390,17475,1205,Kırşehir,3,2024-01-23,235.76,Türkiye
788,16365,1466,Diyarbakır,4,2024-01-24,144.6,Türkiye
839,11402,1039,Iğdır,5,2024-01-25,632.31,Türkiye
136,19984,1039,Tekirdağ,6,2024-01-26,859.02,Türkiye
146,10585,1661,Aydın,8,2024-01-27,586.57,Türkiye
688,12465,1195,Uşak,2,2024-01-28,674.3,Türkiye
194,15240,1157,Ağrı,4,2024-01-29,880.39,Türkiye
283,17674,1863,Kırşehir,9,2024-01-30,964.32,Türkiye
469,11019,1518,Zonguldak,9,2024-01-31,256.8,Türkiye
489,10662,1674,Mersin,4,2024-02-01,909.89,Türkiye
50,13945,1289,Çanakkale,5,2024-02-02,976.89,Türkiye
626,18112,1419,Bartın,6,2024-02-03,158.01,Türkiye
396,12055,1888,Bilecik,5,2024-02-04,261.41,Türkiye
949,18831,1496,Bolu,3,2024-02-05,564.75,Türkiye
905,10651,1227,Bingöl,1,2024-02-06,783.68,Türkiye
495,19730,1930,Bursa,9,2024-02-07,29.14,Türkiye
144,10659,1468,Samsun,3,2024-02-08,481.09,Türkiye
408,18091,1102,Batman,7,2024-02-09,64.25,Türkiye
449,15494,1126,Sakarya,4,2024-02-10,43.36,Türkiye
173,14270,1104,Rize,9,2024-02-11,907.76,Türkiye
793,12476,1721,Eskişehir,9,2024-02-12,84.97,Türkiye
149,15801,1590,Mersin,8,2024-02-13,514.78,Türkiye
455,16180,1049,İzmir,5,2024-02-14,751.72,Türkiye
29,15361,1958,Antalya,5,2024-02-15,967.44,Türkiye
947,10894,1499,Zonguldak,9,2024-02-16,850.07,Türkiye
672,16844,1906,Tekirdağ,3,2024-02-17,794.93,Türkiye
891,19836,1598,Kırıkkale,3,2024-02-18,802.65,Türkiye
245,12587,1973,Antalya,2,2024-02-19,405.83,Türkiye
84,15819,1050,Samsun,1,2024-02-20,321.76,Türkiye
848,19532,1886,Elazığ,2,2024-02-21,367.33,Türkiye
578,12488,1001,Artvin,2,2024-02-22,927.29,Türkiye
480,10649,1934,Muğla,5,2024-02-23,329.03,Türkiye
92,12788,1555,Düzce,9,2024-02-24,380.77,Türkiye
483,18321,1849,Yozgat,2,2024-02-25,503.64,Türkiye
186,18546,1821,Muğla,2,2024-02-26,757.79,Türkiye
134,11242,1114,Zonguldak,4,2024-02-27,719.93,Türkiye
226,10153,1628,Diyarbakır,4,2024-02-28,236.94,Türkiye
194,12319,1897,Siirt,7,2024-02-29,30.17,Türkiye
283,14991,1612,Karabük,2,2024-03-01,100.22,Türkiye
668,10295,1264,Kilis,2,2024-03-02,547.95,Türkiye
729,10482,1459,Bilecik,2,2024-03-03,929.55,Türkiye
81,19127,1952,Gümüşhane,6,2024-03-04,122.9,Türkiye
253,18265,1372,Karabük,8,2024-03-05,903.03,Türkiye
341,11166,1716,Manisa,4,2024-03-06,762.41,Türkiye
852,19976,1836,Gümüşhane,2,2024-03-07,224.12,Türkiye
688,12834,1671,Kilis,4,2024-03-08,289.85,Türkiye
619,15470,1866,Kahramanmaraş,8,2024-03-09,465.82,Türkiye
440,18051,1408,Manisa,5,2024-03-10,394.91,Türkiye
580,15195,1642,Kars,3,2024-03-11,969.86,Türkiye
981,13876,1218,Hakkari,9,2024-03-12,104.53,Türkiye
169,19477,1210,Karabük,6,2024-03-13,67.69,Türkiye
293,15370,1002,Edirne,4,2024-03-14,96.22,Türkiye
759,10703,1987,İzmir,2,2024-03-15,825.1,Türkiye
595,18627,1549,Tunceli,2,2024-03-16,970.23,Türkiye
405,12601,1008,Afyonkarahisar,4,2024-03-17,838.26,Türkiye
265,19855,1201,Kırşehir,6,2024-03-18,554.14,Türkiye
979,11891,1463,Burdur,9,2024-03-19,679.37,Türkiye
514,18753,1927,Bursa,9,2024-03-20,709.1,Türkiye
198,13300,1666,Eskişehir,3,2024-03-21,822.35,Türkiye
229,13201,1877,Mersin,9,2024-03-22,891.29,Türkiye
490,13219,1033,Siirt,8,2024-03-23,488.98,Türkiye
357,10367,1584,Kocaeli,5,2024-03-24,28.66,Türkiye
596,12607,1056,Van,3,2024-03-25,30.21,Türkiye
832,10938,1464,Kars,4,2024-03-26,320.35,Türkiye
324,11406,1130,Kayseri,1,2024-03-27,11.34,Türkiye
378,16659,1409,Elazığ,1,2024-03-28,321.05,Türkiye
623,16786,1644,Çankırı,5,2024-03-29,483.75,Türkiye
75,13151,1508,Sinop,8,2024-03-30,826.19,Türkiye
431,13486,1422,Burdur,9,2024-03-31,540.64,Türkiye
140,17223,1723,Kırıkkale,6,2024-04-01,253.25,Türkiye
515,16485,1930,Aksaray,7,2024-04-02,530.32,Türkiye
279,14323,1804,Çankırı,9,2024-04-03,493.32,Türkiye
863,11248,1473,Çankırı,3,2024-04-04,103.21,Türkiye
24,10254,1780,Tekirdağ,1,2024-04-05,511.86,Türkiye
428,13860,1924,Kırklareli,9,2024-04-06,468.42,Türkiye
372,17252,1874,Adıyaman,6,2024-04-07,119.53,Türkiye
947,19573,1867,Ardahan,9,2024-04-08,340.17,Türkiye
676,19117,1556,Bolu,6,2024-04-09,885.64,Türkiye
688,14820,1094,Erzincan,8,2024-04-10,724.46,Türkiye
693,15786,1130,Eskişehir,3,2024-04-11,138.09,Türkiye
121,12336,1635,Trabzon,3,2024-04-12,859.19,Türkiye
352,13525,1782,Kırşehir,5,2024-04-13,695.64,Türkiye
636,16487,1408,Aydın,2,2024-04-14,919.06,Türkiye
458,11843,1855,Amasya,9,2024-04-15,171.99,Türkiye
466,11525,1329,Tekirdağ,9,2024-04-16,443.45,Türkiye
901,18391,1007,Çorum,3,2024-04-17,702.16,Türkiye
79,19974,1615,Bursa,8,2024-04-18,486.35,Türkiye
115,16191,1543,Niğde,7,2024-04-19,260.6,Türkiye
864,10036,1668,Şırnak,6,2024-04-20,646.4,Türkiye
903,13784,1333,Düzce,4,2024-04-21,701.64,Türkiye
945,18302,1062,Diyarbakır,7,2024-04-22,790.81,Türkiye
107,11090,1929,Hakkari,6,2024-04-23,618.62,Türkiye
955,17429,1234,İstanbul,7,2024-04-24,443.94,Türkiye
483,19161,1506,Çankırı,4,2024-04-25,952.37,Türkiye
890,19662,1097,Karaman,5,2024-04-26,629.53,Türkiye
468,11392,1137,Antalya,5,2024-04-27,501.5,Türkiye
208,12344,1758,Ağrı,3,2024-04-28,305.07,Türkiye
908,16331,1782,Kırşehir,4,2024-04-29,69.08,Türkiye
958,12346,1930,Niğde,4,2024-04-30,379.55,Türkiye
774,18538,1709,Yozgat,5,2024-05-01,657.78,Türkiye
124,18538,1127,Malatya,6,2024-05-02,133.93,Türkiye
322,19322,1868,Bingöl,1,2024-05-03,640.69,Türkiye
38,12139,1932,Diyarbakır,6,2024-05-04,826.22,Türkiye
550,10933,1248,Ardahan,8,2024-05-05,444.63,Türkiye
832,13234,1830,Eskişehir,5,2024-05-06,98.75,Türkiye
859,14406,1830,Muğla,4,2024-05-07,773.04,Türkiye
280,10622,1364,Bolu,5,2024-05-08,878.81,Türkiye
158,10330,1177,Tekirdağ,1,2024-05-09,649.23,Türkiye
690,18061,1186,Antalya,2,2024-05-10,440.67,Türkiye
604,17423,1930,Bolu,7,2024-05-11,863.58,Türkiye
85,14852,1808,Samsun,4,2024-05-12,40.92,Türkiye
519,17606,1808,Yalova,2,2024-05-13,619.62,Türkiye
296,13507,1079,Bayburt,5,2024-05-14,755.6,Türkiye
833,16904,1594,Amasya,6,2024-05-15,43.39,Türkiye
220,16394,1385,Tekirdağ,2,2024-05-16,156.45,Türkiye
797,13406,1852,Kütahya,3,2024-05-17,914.7,Türkiye
728,15875,1850,Burdur,1,2024-05-18,127.94,Türkiye
182,11974,1079,Aydın,7,2024-05-19,106.63,Türkiye
246,16221,1847,Mardin,5,2024-05-20,342.82,Türkiye
19,13550,1718,Hakkari,6,2024-05-21,423.42,Türkiye
300,18437,1936,Nevşehir,2,2024-05-22,433.16,Türkiye
91,12179,1283,Ordu,5,2024-05-23,219.38,Türkiye
152,17773,1941,Ankara,1,2024-05-24,503.84,Türkiye
976,11329,1862,Osmaniye,5,2024-05-25,744.64,Türkiye
256,17625,1182,Adıyaman,9,2024-05-26,522.03,Türkiye
615,15201,1440,Kars,8,2024-05-27,919.19,Türkiye
864,17869,1138,Malatya,1,2024-05-28,856.9,Türkiye
276,12119,1937,Afyonkarahisar,6,2024-05-29,813.33,Türkiye
315,17949,1626,Kars,9,2024-05-30,903.42,Türkiye
92,12514,1334,Bitlis,9,2024-05-31,557.42,Türkiye
496,18206,1269,Adana,4,2024-06-01,620.71,Türkiye
968,16610,1317,Batman,8,2024-06-02,283.28,Türkiye
907,19094,1582,Erzurum,6,2024-06-03,960.32,Türkiye
472,17744,1730,Yalova,9,2024-06-04,243.65,Türkiye
324,15560,1592,Muş,6,2024-06-05,196.36,Türkiye
394,13984,1979,Gaziantep,5,2024-06-06,35.31,Türkiye
187,10869,1501,Aydın,2,2024-06-07,987.07,Türkiye
437,11196,1339,Amasya,3,2024-06-08,420.64,Türkiye
446,18471,1961,Kırıkkale,2,2024-06-09,838.12,Türkiye
335,18948,1975,Bartın,3,2024-06-10,921.2,Türkiye
630,16614,1837,Erzincan,7,2024-06-11,235.04,Türkiye
921,13396,1971,Kütahya,5,2024-06-12,511.18,Türkiye
926,12648,1448,Kahramanmaraş,1,2024-06-13,648.47,Türkiye
574,11913,1828,Bitlis,8,2024-06-14,391.79,Türkiye
897,15034,1187,Denizli,7,2024-06-15,740.61,Türkiye
487,14022,1922,Uşak,7,2024-06-16,609.52,Türkiye
486,13853,1367,Karabük,1,2024-06-17,211.07,Türkiye
469,16686,1060,Mardin,4,2024-06-18,411.48,Türkiye
822,17645,1486,Amasya,2,2024-06-19,155.39,Türkiye
617,16961,1772,Artvin,1,2024-06-20,464.18,Türkiye
840,19048,1603,Kastamonu,6,2024-06-21,20.42,Türkiye
7,12430,1748,Tunceli,6,2024-06-22,510.09,Türkiye
205,16639,1314,Van,8,2024-06-23,370.96,Türkiye
64,13700,1890,Bingöl,3,2024-06-24,920.53,Türkiye
625,12253,1168,Erzurum,7,2024-06-25,949.21,Türkiye
37,11070,1600,Hakkari,8,2024-06-26,225.56,Türkiye
694,12024,1455,Çanakkale,7,2024-06-27,745.7,Türkiye
847,14443,1127,Edirne,1,2024-06-28,330.62,Türkiye
26,19739,1227,Bolu,4,2024-06-29,522.47,Türkiye
872,14446,1970,Kars,5,2024-06-30,218.17,Türkiye
388,11958,1745,Ağrı,8,2024-07-01,279.99,Türkiye
373,13080,1676,Uşak,3,2024-07-02,254.51,Türkiye
504,18848,1962,Şırnak,7,2024-07-03,318.87,Türkiye
521,10440,1198,Antalya,8,2024-07-04,11.95,Türkiye
173,13305,1054,Edirne,1,2024-07-05,100.17,Türkiye
764,13004,1607,Giresun,8,2024-07-06,141.92,Türkiye
334,10660,1946,Antalya,7,2024-07-07,132.53,Türkiye
845,12817,1688,Bartın,5,2024-07-08,200.04,Türkiye
420,12927,1118,Adana,4,2024-07-09,716.32,Türkiye
35,17310,1202,Sivas,7,2024-07-10,990.19,Türkiye
932,10063,1739,Çorum,4,2024-07-11,17.65,Türkiye
425,19945,1943,Kastamonu,6,2024-07-12,731.69,Türkiye
696,11074,1105,Gümüşhane,2,2024-07-13,521.97,Türkiye
204,18455,1889,Kars,8,2024-07-14,475.38,Türkiye
866,16609,1427,Malatya,2,2024-07-15,498.84,Türkiye
355,17195,1974,Kayseri,4,2024-07-16,271.6,Türkiye
863,10053,1275,Niğde,7,2024-07-17,279.37,Türkiye
403,11031,1115,Samsun,1,2024-07-18,316.42,Türkiye
334,13207,1453,Karaman,9,2024-07-19,630.09,Türkiye
407,18053,1233,Bilecik,1,2024-07-20,439.56,Türkiye
959,15219,1785,Samsun,1,2024-07-21,786.76,Türkiye
292,11487,1839,Yalova,2,2024-07-22,54.94,Türkiye
892,12222,1276,Sivas,6,2024-07-23,520.63,Türkiye
435,12597,1109,Muğla,2,2024-07-24,76.18,Türkiye
130,17723,1888,Manisa,7,2024-07-25,321.99,Türkiye
291,15311,1757,Tekirdağ,5,2024-07-26,974.27,Türkiye
443,13376,1857,Denizli,4,2024-07-27,377.5,Türkiye
954,17051,1755,Kırşehir,3,2024-07-28,832.15,Türkiye
514,12327,1070,Karabük,4,2024-07-29,512.22,Türkiye
867,18056,1908,Isparta,8,2024-07-30,879.46,Türkiye
118,19881,1778,Adıyaman,2,2024-07-31,847.65,Türkiye
58,13490,1550,Erzurum,2,2024-08-01,138.29,Türkiye
816,14104,1982,Elazığ,9,2024-08-02,371.83,Türkiye
168,16284,1521,Ağrı,9,2024-08-03,216.14,Türkiye
347,17224,1184,Muğla,4,2024-08-04,349.17,Türkiye
533,17503,1253,Giresun,1,2024-08-05,596.48,Türkiye
373,16164,1332,İzmir,1,2024-08-06,516.23,Türkiye
636,19871,1788,Balıkesir,6,2024-08-07,885.52,Türkiye
818,13732,1871,Sivas,1,2024-08-08,205.08,Türkiye
80,19936,1544,Bayburt,6,2024-08-09,486.02,Türkiye
983,11046,1536,Elazığ,4,2024-08-10,109.45,Türkiye
386,14197,1739,Karabük,3,2024-08-11,73.42,Türkiye
257,11000,1985,Giresun,8,2024-08-12,596.7,Türkiye
640,11645,1304,Mersin,1,2024-08-13,302.91,Türkiye
678,17015,1159,İstanbul,2,2024-08-14,320.02,Türkiye
281,16858,1792,Bingöl,5,2024-08-15,179.29,Türkiye
348,12348,1221,Düzce,5,2024-08-16,445.53,Türkiye
857,12491,1547,Muş,2,2024-08-17,925.39,Türkiye
74,19317,1497,Aksaray,8,2024-08-18,611.78,Türkiye
152,19738,1998,Yalova,6,2024-08-19,673.88,Türkiye
21,15099,1990,Tekirdağ,4,2024-08-20,373.23,Türkiye
335,11263,1457,Afyonkarahisar,3,2024-08-21,668.73,Türkiye
154,18614,1131,Kırklareli,8,2024-08-22,37.21,Türkiye
551,16435,1805,Erzincan,3,2024-08-23,589.9,Türkiye
12,10702,1033,Kütahya,1,2024-08-24,778.27,Türkiye
923,16918,1585,Ordu,1,2024-08-25,953.11,Türkiye
140,15473,1554,Bartın,8,2024-08-26,47.12,Türkiye
711,10351,1352,Yozgat,8,2024-08-27,49.52,Türkiye
978,14840,1670,Sakarya,5,2024-08-28,666.29,Türkiye
903,12989,1867,Sakarya,5,2024-08-29,920.97,Türkiye
972,15087,1616,İstanbul,8,2024-08-30,719.98,Türkiye
177,10709,1052,Erzincan,8,2024-08-31,328.94,Türkiye
206,14653,1112,Nevşehir,6,2024-09-01,249.19,Türkiye
189,17184,1840,Karaman,4,2024-09-02,618.81,Türkiye
501,17460,1935,İzmir,9,2024-09-03,833.47,Türkiye
683,14508,1364,Uşak,2,2024-09-04,95.48,Türkiye
912,15720,1795,Kars,8,2024-09-05,544.88,Türkiye
424,12046,1365,Düzce,5,2024-09-06,712.45,Türkiye
158,14454,1554,Kastamonu,6,2024-09-07,225.85,Türkiye
19,18057,1867,Yalova,8,2024-09-08,713.25,Türkiye
832,10797,1252,Rize,6,2024-09-09,942.87,Türkiye
842,14145,1649,Bitlis,7,2024-09-10,899.84,Türkiye
69,10050,1388,Tunceli,4,2024-09-11,968.94,Türkiye
598,19927,1109,Gümüşhane,1,2024-09-12,582.6,Türkiye
84,11301,1676,Gümüşhane,2,2024-09-13,496.53,Türkiye
643,15268,1159,Çanakkale,9,2024-09-14,164.75,Türkiye
547,16352,1091,Kahramanmaraş,8,2024-09-15,332.39,Türkiye
858,15980,1467,Bingöl,7,2024-09-16,787.81,Türkiye
766,17531,1785,Kilis,7,2024-09-17,776.91,Türkiye
8,19829,1880,Bolu,7,2024-09-18,903.92,Türkiye
270,14662,1776,Kütahya,7,2024-09-19,933.92,Türkiye
687,13585,1954,Çanakkale,5,2024-09-20,335.35,Türkiye
369,15193,1953,Bursa,2,2024-09-21,392.7,Türkiye
465,12643,1772,Giresun,2,2024-09-22,469.36,Türkiye
851,15910,1120,Kars,1,2024-09-23,790.48,Türkiye
985,15612,1233,Adıyaman,5,2024-09-24,852.85,Türkiye
758,12523,1752,Kocaeli,4,2024-09-25,613.96,Türkiye
7,14095,1514,Muğla,4,2024-09-26,994.37,Türkiye
168,13114,1744,Çorum,8,2024-09-27,190.13,Türkiye
133,10135,1127,Yozgat,3,2024-09-28,228.26,Türkiye
175,13706,1472,Denizli,7,2024-09-29,114.54,Türkiye
738,18055,1171,Trabzon,9,2024-09-30,350.76,Türkiye
547,19315,1350,Kayseri,6,2024-10-01,192.11,Türkiye
160,10523,1956,Trabzon,7,2024-10-02,84.44,Türkiye
418,15221,1557,Bartın,6,2024-10-03,389.14,Türkiye
691,19645,1240,Şırnak,1,2024-10-04,227.86,Türkiye
333,13032,1342,Tokat,5,2024-10-05,15.86,Türkiye
694,12918,1743,Kilis,6,2024-10-06,886.76,Türkiye
699,10970,1341,Niğde,8,2024-10-07,270.08,Türkiye
198,18837,1623,Şırnak,8,2024-10-08,309.96,Türkiye
78,10809,1603,Sivas,4,2024-10-09,343.4,Türkiye
349,19334,1986,Karabük,4,2024-10-10,270.26,Türkiye
652,17275,1681,Karaman,6,2024-10-11,437.15,Türkiye
188,18124,1656,Karaman,4,2024-10-12,121.57,Türkiye
939,11820,1324,Edirne,2,2024-10-13,787.83,Türkiye
654,10064,1769,Bartın,8,2024-10-14,181.59,Türkiye
394,18505,1877,Balıkesir,5,2024-10-15,494.0,Türkiye
279,16890,1239,Sinop,6,2024-10-16,903.58,Türkiye
967,16816,1842,Nevşehir,1,2024-10-17,173.08,Türkiye
138,14883,1097,Bolu,2,2024-10-18,747.63,Türkiye
588,18518,1249,Artvin,3,2024-10-19,989.39,Türkiye
642,12813,1811,Amasya,3,2024-10-20,684.96,Türkiye
233,16433,1982,Karaman,3,2024-10-21,426.2,Türkiye
140,19829,1366,Ağrı,8,2024-10-22,456.48,Türkiye
52,17346,1426,Ordu,2,2024-10-23,463.09,Türkiye
810,12989,1756,Kırıkkale,3,2024-10-24,125.51,Türkiye
373,17938,1268,Tekirdağ,2,2024-10-25,609.73,Türkiye
913,12527,1654,Antalya,2,2024-10-26,249.22,Türkiye
80,10122,1645,İstanbul,7,2024-10-27,96.05,Türkiye
888,16564,1728,Diyarbakır,3,2024-10-28,462.32,Türkiye
28,10955,1288,Bartın,9,2024-10-29,603.37,Türkiye
534,17899,1242,Sivas,6,2024-10-30,343.2,Türkiye
719,16185,1640,Gaziantep,6,2024-10-31,51.51,Türkiye
429,11300,1228,Adana,8,2024-11-01,758.11,Türkiye
762,16955,1622,Artvin,1,2024-11-02,282.6,Türkiye
928,12402,1740,Çorum,1,2024-11-03,945.82,Türkiye
672,17663,1811,Tokat,5,2024-11-04,725.61,Türkiye
8,14009,1513,Erzurum,9,2024-11-05,818.38,Türkiye
986,11669,1414,Mersin,7,2024-11-06,120.27,Türkiye
634,12774,1328,Muş,1,2024-11-07,160.84,Türkiye
502,11882,1474,Artvin,3,2024-11-08,123.42,Türkiye
582,19492,1268,Burdur,8,2024-11-09,412.12,Türkiye
422,15777,1398,Balıkesir,3,2024-11-10,852.5,Türkiye
381,10016,1444,Çanakkale,6,2024-11-11,68.6,Türkiye
273,11633,1553,Aydın,1,2024-11-12,273.6,Türkiye
435,16745,1208,Diyarbakır,6,2024-11-13,878.79,Türkiye
293,15805,1456,Bilecik,2,2024-11-14,770.13,Türkiye
676,19335,1239,Düzce,1,2024-11-15,118.85,Türkiye
988,18020,1279,Yozgat,9,2024-11-16,512.61,Türkiye
530,17371,1445,Tekirdağ,5,2024-11-17,862.46,Türkiye
670,15145,1091,Gümüşhane,9,2024-11-18,350.47,Türkiye
588,19956,1976,Karabük,9,2024-11-19,923.74,Türkiye
584,16171,1662,Giresun,1,2024-11-20,595.39,Türkiye
571,19551,1374,Afyonkarahisar,5,2024-11-21,239.05,Türkiye
895,19712,1911,Tunceli,7,2024-11-22,79.23,Türkiye
460,15393,1494,Isparta,4,2024-11-23,670.67,Türkiye
360,10841,1788,Denizli,1,2024-11-24,185.61,Türkiye
75,17713,1905,Çankırı,8,2024-11-25,849.1,Türkiye
943,11265,1864,Kastamonu,6,2024-11-26,260.38,Türkiye
642,19930,1331,Niğde,8,2024-11-27,42.92,Türkiye
962,19095,1448,Batman,2,2024-11-28,550.34,Türkiye
787,13425,1533,Şırnak,2,2024-11-29,729.85,Türkiye
845,15919,1355,Kırklareli,2,2024-11-30,62.46,Türkiye
713,14707,1379,Düzce,6,2024-12-01,882.77,Türkiye
172,13441,1244,Yalova,2,2024-12-02,41.98,Türkiye
568,14788,1305,Balıkesir,5,2024-12-03,992.71,Türkiye
682,12857,1787,Bayburt,5,2024-12-04,686.41,Türkiye
203,13580,1397,Malatya,6,2024-12-05,678.45,Türkiye
44,17087,1007,Edirne,1,2024-12-06,357.91,Türkiye
474,13715,1422,Giresun,9,2024-12-07,967.36,Türkiye
172,15260,1427,Mardin,6,2024-12-08,935.6,Türkiye
270,18125,1691,Diyarbakır,2,2024-12-09,351.5,Türkiye
658,11205,1273,Şanlıurfa,8,2024-12-10,208.11,Türkiye
674,11091,1948,İzmir,1,2024-12-11,982.56,Türkiye
464,10413,1956,Aydın,8,2024-12-12,299.66,Türkiye
556,18187,1566,Erzurum,8,2024-12-13,341.61,Türkiye
772,18940,1608,Bursa,8,2024-12-14,901.4,Türkiye
709,16378,1186,Çankırı,4,2024-12-15,147.71,Türkiye
829,11071,1429,Ordu,8,2024-12-16,273.37,Türkiye
280,17070,1468,Yozgat,6,2024-12-17,94.04,Türkiye
641,14000,1343,Gümüşhane,2,2024-12-18,409.35,Türkiye
244,13454,1235,Aksaray,8,2024-12-19,291.62,Türkiye
788,17518,1022,Erzincan,8,2024-12-20,118.1,Türkiye
952,10671,1444,Erzurum,9,2024-12-21,60.44,Türkiye
51,17259,1656,Aksaray,3,2024-12-22,962.61,Türkiye
663,11497,1514,Kırklareli,1,2024-12-23,439.98,Türkiye
24,19050,1941,İzmir,1,2024-12-24,922.47,Türkiye
573,15199,1364,Nevşehir,5,2024-12-25,704.25,Türkiye
792,13384,1245,Erzurum,1,2024-12-26,694.63,Türkiye
290,19371,1104,Iğdır,3,2024-12-27,213.6,Türkiye
582,11070,1986,Nevşehir,7,2024-12-28,36.34,Türkiye
600,15601,1033,Kırıkkale,6,2024-12-29,545.63,Türkiye
410,19654,1191,Rize,2,2024-12-30,589.95,Türkiye
68,10858,1569,Van,8,2024-12-31,914.01,Türkiye
559,15375,1059,Konya,2,2025-01-01,921.76,Türkiye
999,16554,1174,Bitlis,8,2025-01-02,414.83,Türkiye
187,17351,1185,Diyarbakır,7,2025-01-03,453.63,Türkiye
187,11908,1439,Hakkari,2,2025-01-04,887.07,Türkiye
977,13228,1617,Karaman,1,2025-01-05,88.1,Türkiye
906,14266,1079,Kocaeli,1,2025-01-06,891.16,Türkiye
727,15983,1471,Bolu,4,2025-01-07,68.94,Türkiye
476,11245,1021,Konya,9,2025-01-08,781.51,Türkiye
652,11320,1838,Malatya,8,2025-01-09,793.23,Türkiye
961,18829,1991,Çanakkale,5,2025-01-10,809.31,Türkiye
382,18687,1175,Sakarya,4,2025-01-11,989.71,Türkiye
250,11899,1875,Sinop,9,2025-01-12,808.84,Türkiye
216,10305,1224,Ankara,9,2025-01-13,701.8,Türkiye
846,12483,1827,İzmir,2,2025-01-14,460.57,Türkiye
322,16886,1126,Van,3,2025-01-15,471.82,Türkiye
889,16889,1598,Tekirdağ,8,2025-01-16,218.16,Türkiye
982,12152,1471,Adana,7,2025-01-17,263.38,Türkiye
554,16312,1277,Gümüşhane,7,2025-01-18,685.69,Türkiye
445,18617,1992,Isparta,1,2025-01-19,291.9,Türkiye
955,14514,1393,Denizli,2,2025-01-20,548.82,Türkiye
715,11017,1379,Adıyaman,8,2025-01-21,78.88,Türkiye
982,15711,1440,Kayseri,5,2025-01-22,262.88,Türkiye
681,19912,1388,Tekirdağ,4,2025-01-23,988.56,Türkiye
411,13106,1102,Erzincan,1,2025-01-24,380.43,Türkiye
561,13692,1564,Kırıkkale,6,2025-01-25,918.94,Türkiye
483,18924,1443,Diyarbakır,1,2025-01-26,362.72,Türkiye
812,18461,1758,Erzincan,7,2025-01-27,80.89,Türkiye
818,18149,1912,Sivas,6,2025-01-28,96.28,Türkiye
822,12839,1110,Kayseri,1,2025-01-29,238.15,Türkiye
723,10902,1721,Düzce,1,2025-01-30,346.29,Türkiye
443,15955,1040,Muş,2,2025-01-31,428.52,Türkiye
831,13730,1632,Batman,7,2025-02-01,275.99,Türkiye
532,12339,1207,Van,9,2025-02-02,724.31,Türkiye
551,11531,1523,Kocaeli,7,2025-02-03,764.3,Türkiye
321,19698,1625,Malatya,9,2025-02-04,620.57,Türkiye
835,18150,1063,Kars,2,2025-02-05,776.72,Türkiye
540,17491,1786,Balıkesir,3,2025-02-06,719.97,Türkiye
393,14279,1800,Iğdır,6,2025-02-07,571.03,Türkiye
818,14569,1423,Ağrı,7,2025-02-08,922.99,Türkiye
970,14307,1507,Gümüşhane,9,2025-02-09,723.09,Türkiye
218,18533,1466,Elazığ,9,2025-02-10,91.32,Türkiye
547,15794,1735,Tekirdağ,1,2025-02-11,859.38,Türkiye
404,19413,1531,Edirne,5,2025-02-12,355.74,Türkiye
631,13626,1735,Tekirdağ,5,2025-02-13,910.93,Türkiye
305,19303,1618,Eskişehir,9,2025-02-14,283.2,Türkiye
957,10901,1812,Mersin,4,2025-02-15,163.14,Türkiye
986,17213,1446,Niğde,2,2025-02-16,998.15,Türkiye
985,19982,1601,Aydın,2,2025-02-17,350.24,Türkiye
889,13352,1030,Edirne,8,2025-02-18,235.74,Türkiye
395,19149,1058,Siirt,1,2025-02-19,475.95,Türkiye
435,15585,1897,Gaziantep,3,2025-02-20,137.87,Türkiye
47,16304,1350,Karabük,2,2025-02-21,32.57,Türkiye
344,19980,1745,Ordu,6,2025-02-22,953.37,Türkiye
298,17874,1791,Burdur,8,2025-02-23,376.17,Türkiye
717,16717,1708,Hakkari,8,2025-02-24,586.72,Türkiye
192,18149,1681,Tokat,4,2025-02-25,890.69,Türkiye
439,17692,1895,Erzincan,1,2025-02-26,200.16,Türkiye
463,18909,1524,Bayburt,3,2025-02-27,582.33,Türkiye
396,11780,1300,Giresun,4,2025-02-28,847.41,Türkiye
183,17568,1369,Niğde,4,2025-03-01,366.96,Türkiye
241,13387,1061,Siirt,4,2025-03-02,793.41,Türkiye
367,13047,1806,Bayburt,6,2025-03-03,452.17,Türkiye
160,12069,1422,Düzce,3,2025-03-04,103.7,Türkiye
779,12850,1935,Iğdır,3,2025-03-05,503.83,Türkiye
763,16772,1782,Gaziantep,2,2025-03-06,696.89,Türkiye
800,18512,1654,Ankara,6,2025-03-07,577.86,Türkiye
36,18752,1693,Hakkari,6,2025-03-08,132.72,Türkiye
783,15949,1583,Muş,1,2025-03-09,190.85,Türkiye
786,19139,1733,Sinop,6,2025-03-10,79.21,Türkiye
901,11250,1461,Sakarya,1,2025-03-11,620.92,Türkiye
696,13134,1000,Batman,1,2025-03-12,751.38,Türkiye
12,11517,1525,Konya,7,2025-03-13,846.16,Türkiye
382,18025,1181,Sakarya,1,2025-03-14,134.27,Türkiye
121,15570,1588,Gaziantep,5,2025-03-15,182.84,Türkiye
291,19731,1570,Batman,6,2025-03-16,435.32,Türkiye
740,13410,1128,Düzce,1,2025-03-17,194.21,Türkiye
978,18157,1048,Şanlıurfa,9,2025-03-18,820.34,Türkiye
748,16857,1105,Yalova,5,2025-03-19,382.17,Türkiye
639,10574,1942,Sivas,8,2025-03-20,352.75,Türkiye
988,12276,1390,Antalya,1,2025-03-21,104.23,Türkiye
39,12478,1125,Kırklareli,7,2025-03-22,169.72,Türkiye
325,10231,1106,Kırşehir,1,2025-03-23,360.05,Türkiye
950,15087,1623,Bingöl,6,2025-03-24,74.18,Türkiye
909,11157,1581,Amasya,8,2025-03-25,667.8,Türkiye
430,15346,1195,Bolu,9,2025-03-26,903.54,Türkiye
929,10330,1660,Diyarbakır,8,2025-03-27,598.41,Türkiye
926,16951,1661,Mersin,4,2025-03-28,870.83,Türkiye
886,13489,1318,Bitlis,6,2025-03-29,974.75,Türkiye
864,15889,1705,Sivas,2,2025-03-30,147.71,Türkiye
823,17083,1820,Gümüşhane,8,2025-03-31,775.7,Türkiye
296,15687,1654,Karaman,1,2025-04-01,717.25,Türkiye
244,14315,1349,Bingöl,5,2025-04-02,473.7,Türkiye
814,12610,1707,Sivas,1,2025-04-03,24.96,Türkiye
226,17263,1670,Ordu,4,2025-04-04,204.77,Türkiye
678,18274,1372,Adıyaman,4,2025-04-05,227.38,Türkiye
92,11897,1509,Giresun,4,2025-04-06,100.95,Türkiye
646,19909,1056,Kahramanmaraş,6,2025-04-07,74.41,Türkiye
1000,18798,1636,Bolu,1,2025-04-08,696.58,Türkiye
378,18150,1055,Yozgat,4,2025-04-09,802.53,Türkiye
702,18519,1138,Aksaray,4,2025-04-10,427.47,Türkiye
465,15124,1854,Çanakkale,9,2025-04-11,76.45,Türkiye
655,14687,1536,Edirne,7,2025-04-12,949.3,Türkiye
178,17618,1702,Bolu,5,2025-04-13,213.79,Türkiye
831,16468,1949,Diyarbakır,8,2025-04-14,755.81,Türkiye
840,19335,1115,Zonguldak,3,2025-04-15,376.0,Türkiye
293,19206,1678,Aksaray,3,2025-04-16,939.61,Türkiye
702,16623,1992,Adıyaman,3,2025-04-17,563.86,Türkiye
757,19470,1736,Bayburt,6,2025-04-18,722.42,Türkiye
935,14392,1748,Sakarya,3,2025-04-19,653.48,Türkiye
773,10772,1812,Adıyaman,6,2025-04-20,544.17,Türkiye
489,15192,1866,Adıyaman,3,2025-04-21,410.61,Türkiye
471,17565,1988,Gaziantep,9,2025-04-22,565.79,Türkiye
501,10052,1154,Eskişehir,5,2025-04-23,176.86,Türkiye
991,16638,1615,Tunceli,2,2025-04-24,201.31,Türkiye
19,17805,1865,Kırklareli,4,2025-04-25,228.0,Türkiye
419,12510,1685,Gümüşhane,5,2025-04-26,70.79,Türkiye
9,15366,1739,Denizli,7,2025-04-27,76.73,Türkiye
405,17688,1847,Karabük,3,2025-04-28,699.36,Türkiye
372,12786,1612,Sivas,4,2025-04-29,418.49,Türkiye
64,16457,1401,Amasya,7,2025-04-30,440.13,Türkiye
420,19881,1870,Mersin,4,2025-05-01,65.51,Türkiye
40,16094,1646,Niğde,5,2025-05-02,509.95,Türkiye
236,18768,1173,Yozgat,3,2025-05-03,454.77,Türkiye
708,12648,1888,Balıkesir,7,2025-05-04,628.74,Türkiye
567,16961,1772,Bitlis,1,2025-05-05,910.06,Türkiye
513,17346,1442,Bartın,3,2025-05-06,225.25,Türkiye
317,15139,1824,Sinop,5,2025-05-07,672.65,Türkiye
444,17740,1919,Kars,3,2025-05-08,151.72,Türkiye
320,17535,1043,Karabük,2,2025-05-09,778.27,Türkiye
513,18533,1693,Giresun,3,2025-05-10,343.72,Türkiye
230,12671,1853,Manisa,4,2025-05-11,490.07,Türkiye
560,17356,1790,Sakarya,3,2025-05-12,482.81,Türkiye
489,12489,1312,Karabük,2,2025-05-13,456.09,Türkiye
150,12897,1415,Giresun,9,2025-05-14,227.22,Türkiye
394,17444,1007,Aydın,3,2025-05-15,856.77,Türkiye
696,19393,1319,Zonguldak,1,2025-05-16,819.61,Türkiye
365,15545,1687,Mersin,8,2025-05-17,551.62,Türkiye
708,11213,1426,Eskişehir,4,2025-05-18,396.5,Türkiye
729,13887,1206,Mersin,8,2025-05-19,494.4,Türkiye
296,16786,1106,Edirne,1,2025-05-20,85.51,Türkiye
846,15881,1352,Tekirdağ,2,2025-05-21,626.14,Türkiye
678,11458,1492,Eskişehir,6,2025-05-22,843.66,Türkiye
66,11611,1288,Ağrı,2,2025-05-23,863.38,Türkiye
366,16275,1321,Kayseri,4,2025-05-24,221.82,Türkiye
722,14017,1121,Bayburt,1,2025-05-25,610.04,Türkiye
159,18780,1134,Niğde,7,2025-05-26,817.37,Türkiye
996,12705,1872,Mersin,8,2025-05-27,412.16,Türkiye
66,12120,1445,Amasya,6,2025-05-28,32.5,Türkiye
2,19670,1571,Gaziantep,8,2025-05-29,924.42,Türkiye
387,10932,1235,Mersin,6,2025-05-30,752.18,Türkiye
815,12813,1842,Tunceli,7,2025-05-31,710.9,Türkiye
977,15912,1022,Hatay,6,2025-06-01,328.36,Türkiye
753,16793,1496,Bayburt,9,2025-06-02,285.39,Türkiye
548,19881,1927,Zonguldak,6,2025-06-03,356.25,Türkiye
442,14148,1463,Bolu,2,2025-06-04,601.08,Türkiye
727,18077,1330,Bayburt,1,2025-06-05,350.53,Türkiye
739,12105,1869,Tokat,3,2025-06-06,559.39,Türkiye
671,13770,1368,Ordu,3,2025-06-07,866.11,Türkiye
993,17876,1494,Giresun,8,2025-06-08,22.98,Türkiye
526,11722,1259,Ordu,2,2025-06-09,287.89,Türkiye
858,12589,1192,Tokat,6,2025-06-10,632.62,Türkiye
466,16844,1685,Manisa,2,2025-06-11,377.4,Türkiye
566,15874,1479,Sakarya,6,2025-06-12,300.7,Türkiye
439,19989,1824,Çorum,9,2025-06-13,532.93,Türkiye
788,17625,1716,Karaman,7,2025-06-14,376.66,Türkiye
381,10430,1603,Elazığ,6,2025-06-15,489.05,Türkiye
452,12398,1527,Kırşehir,1,2025-06-16,587.32,Türkiye
658,16065,1613,Isparta,1,2025-06-17,127.43,Türkiye
795,11787,1611,Sakarya,6,2025-06-18,461.04,Türkiye
654,15674,1269,Bilecik,9,2025-06-19,621.08,Türkiye
397,12357,1701,Erzurum,2,2025-06-20,515.35,Türkiye
182,15371,1222,Bartın,5,2025-06-21,927.09,Türkiye
294,18098,1456,Antalya,7,2025-06-22,458.65,Türkiye
358,16075,1324,Sakarya,5,2025-06-23,495.85,Türkiye
530,19354,1521,Batman,5,2025-06-24,318.49,Türkiye
127,17765,1453,Yozgat,7,2025-06-25,108.44,Türkiye
485,13179,1321,Mardin,6,2025-06-26,541.89,Türkiye
963,13976,1818,İzmir,2,2025-06-27,533.28,Türkiye
824,15879,1670,Erzurum,8,2025-06-28,44.56,Türkiye
503,16697,1168,Osmaniye,3,2025-06-29,698.23,Türkiye
520,15122,1114,Kırklareli,1,2025-06-30,992.43,Türkiye
489,15490,1342,Yozgat,6,2025-07-01,803.63,Türkiye
229,11350,1299,Samsun,9,2025-07-02,46.72,Türkiye
257,16829,1486,Karaman,2,2025-07-03,668.59,Türkiye
402,12243,1234,Erzincan,3,2025-07-04,813.92,Türkiye
143,16458,1600,Nevşehir,1,2025-07-05,796.41,Türkiye
324,14001,1550,Edirne,3,2025-07-06,202.78,Türkiye
993,17028,1042,Tokat,8,2025-07-07,197.22,Türkiye
719,14638,1872,Erzincan,3,2025-07-08,749.27,Türkiye
627,12077,1169,Artvin,3,2025-07-09,792.19,Türkiye
10,14011,1167,Konya,1,2025-07-10,563.47,Türkiye
128,11007,1114,Kastamonu,8,2025-07-11,473.93,Türkiye
164,12099,1716,Tunceli,8,2025-07-12,441.01,Türkiye
322,14585,1976,Sakarya,9,2025-07-13,323.05,Türkiye
430,13146,1547,Erzurum,2,2025-07-14,818.83,Türkiye
631,17288,1739,Isparta,8,2025-07-15,381.81,Türkiye
923,13063,1807,Nevşehir,6,2025-07-16,761.18,Türkiye
844,13566,1516,Malatya,6,2025-07-17,922.04,Türkiye
113,10355,1871,Ağrı,6,2025-07-18,876.44,Türkiye
500,15364,1856,Antalya,4,2025-07-19,703.66,Türkiye
42,17633,1488,Kars,9,2025-07-20,312.35,Türkiye
696,10121,1132,Malatya,3,2025-07-21,120.88,Türkiye
226,10043,1854,Diyarbakır,7,2025-07-22,219.35,Türkiye
948,18429,1676,Bitlis,5,2025-07-23,402.72,Türkiye
747,19450,1088,Mardin,3,2025-07-24,708.66,Türkiye
768,17042,1202,Batman,8,2025-07-25,847.13,Türkiye
78,15907,1981,Giresun,5,2025-07-26,186.15,Türkiye
398,16263,1836,Hatay,3,2025-07-27,777.84,Türkiye
227,18711,1935,Kayseri,1,2025-07-28,821.86,Türkiye
977,16901,1325,Diyarbakır,9,2025-07-29,289.91,Türkiye
974,18945,1411,Sinop,4,2025-07-30,19.34,Türkiye
328,18543,1928,Karaman,2,2025-07-31,410.09,Türkiye
413,19474,1217,Bayburt,2,2025-08-01,408.16,Türkiye
488,19335,1332,Çanakkale,1,2025-08-02,227.38,Türkiye
93,17990,1167,Çankırı,4,2025-08-03,175.03,Türkiye
557,15310,1689,Iğdır,1,2025-08-04,116.9,Türkiye
58,11389,1378,Tekirdağ,4,2025-08-05,551.32,Türkiye
392,17213,1785,Edirne,5,2025-08-06,746.89,Türkiye
913,15775,1935,Kütahya,1,2025-08-07,743.65,Türkiye
879,13611,1194,Karabük,9,2025-08-08,343.47,Türkiye
524,10194,1718,Denizli,6,2025-08-09,352.5,Türkiye
766,17050,1531,Ardahan,5,2025-08-10,133.37,Türkiye
714,18831,1480,Şırnak,3,2025-08-11,887.1,Türkiye
229,10885,1332,Eskişehir,2,2025-08-12,512.04,Türkiye
964,11854,1317,Balıkesir,5,2025-08-13,572.23,Türkiye
758,11830,1071,Bilecik,1,2025-08-14,475.48,Türkiye
67,19501,1532,Uşak,3,2025-08-15,636.46,Türkiye
219,13919,1973,Bayburt,3,2025-08-16,59.01,Türkiye
575,15438,1088,Gümüşhane,6,2025-08-17,206.15,Türkiye
107,12618,1944,Kilis,4,2025-08-18,465.88,Türkiye
904,11551,1043,Tokat,2,2025-08-19,244.42,Türkiye
743,13699,1469,Isparta,2,2025-08-20,703.55,Türkiye
561,11438,1766,Erzurum,4,2025-08-21,110.81,Türkiye
571,14233,1410,Van,9,2025-08-22,742.83,Türkiye
304,13320,1602,Kars,4,2025-08-23,695.86,Türkiye
145,13478,1292,Bolu,8,2025-08-24,958.79,Türkiye
329,17386,1664,Bayburt,9,2025-08-25,475.46,Türkiye
207,19513,1173,Kahramanmaraş,1,2025-08-26,310.33,Türkiye
243,18279,1628,Çanakkale,9,2025-08-27,799.49,Türkiye
377,16136,1506,Kastamonu,5,2025-08-28,944.05,Türkiye
769,14199,1178,Kırklareli,7,2025-08-29,248.11,Türkiye
206,18504,1451,Ağrı,5,2025-08-30,164.2,Türkiye
926,13405,1636,Amasya,2,2025-08-31,230.8,Türkiye
448,16648,1526,Şanlıurfa,5,2025-09-01,83.07,Türkiye
885,14407,1458,Bayburt,1,2025-09-02,128.54,Türkiye
99,10056,1370,İzmir,7,2025-09-03,65.07,Türkiye
685,14867,1545,Afyonkarahisar,8,2025-09-04,586.63,Türkiye
917,14205,1687,Yalova,4,2025-09-05,517.18,Türkiye
43,15279,1507,Trabzon,2,2025-09-06,770.78,Türkiye
748,14729,1947,Tunceli,3,2025-09-07,888.8,Türkiye
191,13968,1034,Rize,5,2025-09-08,252.28,Türkiye
994,15640,1592,Ordu,2,2025-09-09,899.87,Türkiye
575,10092,1535,Şanlıurfa,4,2025-09-10,962.62,Türkiye
353,13984,1677,Siirt,3,2025-09-11,159.27,Türkiye
420,17860,1005,Denizli,1,2025-09-12,54.12,Türkiye
616,19172,1899,Kırıkkale,6,2025-09-13,235.58,Türkiye
870,14490,1206,Osmaniye,5,2025-09-14,908.94,Türkiye
985,11250,1972,Şanlıurfa,9,2025-09-15,464.8,Türkiye
513,16235,1412,Amasya,3,2025-09-16,337.08,Türkiye
831,18319,1137,Bolu,1,2025-09-17,780.7,Türkiye
471,13762,1354,Kahramanmaraş,1,2025-09-18,975.49,Türkiye
907,15156,1202,Samsun,7,2025-09-19,817.05,Türkiye
211,16288,1664,Karabük,4,2025-09-20,783.55,Türkiye
253,10211,1363,Siirt,5,2025-09-21,746.03,Türkiye
469,12677,1582,Giresun,5,2025-09-22,323.71,Türkiye
591,16962,1009,Malatya,4,2025-09-23,443.21,Türkiye
842,15972,1488,Kahramanmaraş,7,2025-09-24,939.4,Türkiye
314,17280,1398,Karaman,9,2025-09-25,419.5,Türkiye
564,16597,1681,Yozgat,3,2025-09-26,263.98,Türkiye
